{
    "calibration": {
        "offset_x": 286,
        "offset_y": 528,
	    "zoom_level": 1
    },
    "camera_config": {
        "X": 0.5843344158144742,
        "Y": 0.0010010824811409191,
        "IMG_P": 0.3535533905932738
    }
}
